frame_id,ID,object_present,object_type,age,social
160,255695,0,book,5.06,child and adult present
160,255695,0,food,5.06,child and adult present
160,255695,0,kitchenware,5.06,child and adult present
160,255695,0,other_object,5.06,child and adult present
160,255695,0,screen,5.06,child and adult present
160,255695,1,toy,5.06,child and adult present
180,255695,0,book,5.06,child and adult present
180,255695,0,food,5.06,child and adult present
180,255695,1,kitchenware,5.06,child and adult present
180,255695,0,other_object,5.06,child and adult present
180,255695,0,screen,5.06,child and adult present
180,255695,0,toy,5.06,child and adult present
470,255695,0,book,5.06,child and adult present
470,255695,0,food,5.06,child and adult present
470,255695,1,kitchenware,5.06,child and adult present
470,255695,0,other_object,5.06,child and adult present
470,255695,0,screen,5.06,child and adult present
470,255695,0,toy,5.06,child and adult present
580,255695,0,book,5.06,adult present
580,255695,0,food,5.06,adult present
580,255695,1,kitchenware,5.06,adult present
580,255695,0,other_object,5.06,adult present
580,255695,0,screen,5.06,adult present
580,255695,0,toy,5.06,adult present
1620,255695,0,book,5.06,adult present
1620,255695,0,food,5.06,adult present
1620,255695,1,kitchenware,5.06,adult present
1620,255695,0,other_object,5.06,adult present
1620,255695,0,screen,5.06,adult present
1620,255695,0,toy,5.06,adult present
2220,255695,0,book,5.06,adult present
2220,255695,0,food,5.06,adult present
2220,255695,1,kitchenware,5.06,adult present
2220,255695,0,other_object,5.06,adult present
2220,255695,0,screen,5.06,adult present
2220,255695,0,toy,5.06,adult present
2710,255695,0,book,5.06,alone
2710,255695,0,food,5.06,alone
2710,255695,1,kitchenware,5.06,alone
2710,255695,0,other_object,5.06,alone
2710,255695,0,screen,5.06,alone
2710,255695,0,toy,5.06,alone
3780,255695,0,book,5.06,child present
3780,255695,0,food,5.06,child present
3780,255695,1,kitchenware,5.06,child present
3780,255695,0,other_object,5.06,child present
3780,255695,0,screen,5.06,child present
3780,255695,0,toy,5.06,child present
4420,255695,0,book,5.06,alone
4420,255695,0,food,5.06,alone
4420,255695,1,kitchenware,5.06,alone
4420,255695,0,other_object,5.06,alone
4420,255695,0,screen,5.06,alone
4420,255695,0,toy,5.06,alone
4570,255695,0,book,5.06,alone
4570,255695,0,food,5.06,alone
4570,255695,1,kitchenware,5.06,alone
4570,255695,0,other_object,5.06,alone
4570,255695,0,screen,5.06,alone
4570,255695,0,toy,5.06,alone
4640,255695,0,book,5.06,child present
4640,255695,0,food,5.06,child present
4640,255695,1,kitchenware,5.06,child present
4640,255695,0,other_object,5.06,child present
4640,255695,0,screen,5.06,child present
4640,255695,0,toy,5.06,child present
5770,255695,0,book,5.06,child and adult present
5770,255695,0,food,5.06,child and adult present
5770,255695,1,kitchenware,5.06,child and adult present
5770,255695,0,other_object,5.06,child and adult present
5770,255695,0,screen,5.06,child and adult present
5770,255695,0,toy,5.06,child and adult present
6820,255695,0,book,5.06,adult present
6820,255695,0,food,5.06,adult present
6820,255695,0,kitchenware,5.06,adult present
6820,255695,0,other_object,5.06,adult present
6820,255695,0,screen,5.06,adult present
6820,255695,0,toy,5.06,adult present
6880,255695,0,book,5.06,adult present
6880,255695,0,food,5.06,adult present
6880,255695,0,kitchenware,5.06,adult present
6880,255695,0,other_object,5.06,adult present
6880,255695,0,screen,5.06,adult present
6880,255695,0,toy,5.06,adult present
7100,255695,0,book,5.06,alone
7100,255695,0,food,5.06,alone
7100,255695,0,kitchenware,5.06,alone
7100,255695,0,other_object,5.06,alone
7100,255695,0,screen,5.06,alone
7100,255695,0,toy,5.06,alone
7550,255695,0,book,5.06,adult present
7550,255695,0,food,5.06,adult present
7550,255695,0,kitchenware,5.06,adult present
7550,255695,0,other_object,5.06,adult present
7550,255695,0,screen,5.06,adult present
7550,255695,0,toy,5.06,adult present
150,258239,1,book,3.68,alone
150,258239,0,food,3.68,alone
150,258239,0,kitchenware,3.68,alone
150,258239,0,other_object,3.68,alone
150,258239,0,screen,3.68,alone
150,258239,0,toy,3.68,alone
910,258239,0,book,3.68,alone
910,258239,0,food,3.68,alone
910,258239,0,kitchenware,3.68,alone
910,258239,0,other_object,3.68,alone
910,258239,0,screen,3.68,alone
910,258239,0,toy,3.68,alone
1990,258239,0,book,3.68,child and adult present
1990,258239,0,food,3.68,child and adult present
1990,258239,0,kitchenware,3.68,child and adult present
1990,258239,0,other_object,3.68,child and adult present
1990,258239,0,screen,3.68,child and adult present
1990,258239,0,toy,3.68,child and adult present
2290,258239,0,book,3.68,adult present
2290,258239,0,food,3.68,adult present
2290,258239,0,kitchenware,3.68,adult present
2290,258239,0,other_object,3.68,adult present
2290,258239,0,screen,3.68,adult present
2290,258239,0,toy,3.68,adult present
2700,258239,0,book,3.68,adult present
2700,258239,0,food,3.68,adult present
2700,258239,0,kitchenware,3.68,adult present
2700,258239,0,other_object,3.68,adult present
2700,258239,0,screen,3.68,adult present
2700,258239,0,toy,3.68,adult present
2990,258239,0,book,3.68,adult present
2990,258239,0,food,3.68,adult present
2990,258239,0,kitchenware,3.68,adult present
2990,258239,0,other_object,3.68,adult present
2990,258239,0,screen,3.68,adult present
2990,258239,0,toy,3.68,adult present
3970,258239,0,book,3.68,child and adult present
3970,258239,0,food,3.68,child and adult present
3970,258239,0,kitchenware,3.68,child and adult present
3970,258239,0,other_object,3.68,child and adult present
3970,258239,0,screen,3.68,child and adult present
3970,258239,0,toy,3.68,child and adult present
4000,258239,0,book,3.68,child and adult present
4000,258239,0,food,3.68,child and adult present
4000,258239,0,kitchenware,3.68,child and adult present
4000,258239,0,other_object,3.68,child and adult present
4000,258239,0,screen,3.68,child and adult present
4000,258239,0,toy,3.68,child and adult present
4020,258239,0,book,3.68,child and adult present
4020,258239,0,food,3.68,child and adult present
4020,258239,0,kitchenware,3.68,child and adult present
4020,258239,0,other_object,3.68,child and adult present
4020,258239,0,screen,3.68,child and adult present
4020,258239,0,toy,3.68,child and adult present
4300,258239,0,book,3.68,child and adult present
4300,258239,0,food,3.68,child and adult present
4300,258239,0,kitchenware,3.68,child and adult present
4300,258239,0,other_object,3.68,child and adult present
4300,258239,0,screen,3.68,child and adult present
4300,258239,0,toy,3.68,child and adult present
4930,258239,0,book,3.68,child and adult present
4930,258239,0,food,3.68,child and adult present
4930,258239,0,kitchenware,3.68,child and adult present
4930,258239,0,other_object,3.68,child and adult present
4930,258239,0,screen,3.68,child and adult present
4930,258239,0,toy,3.68,child and adult present
5000,258239,0,book,3.68,child and adult present
5000,258239,0,food,3.68,child and adult present
5000,258239,0,kitchenware,3.68,child and adult present
5000,258239,0,other_object,3.68,child and adult present
5000,258239,0,screen,3.68,child and adult present
5000,258239,0,toy,3.68,child and adult present
5560,258239,0,book,3.68,child and adult present
5560,258239,0,food,3.68,child and adult present
5560,258239,0,kitchenware,3.68,child and adult present
5560,258239,0,other_object,3.68,child and adult present
5560,258239,0,screen,3.68,child and adult present
5560,258239,0,toy,3.68,child and adult present
6160,258239,0,book,3.68,child and adult present
6160,258239,0,food,3.68,child and adult present
6160,258239,0,kitchenware,3.68,child and adult present
6160,258239,0,other_object,3.68,child and adult present
6160,258239,0,screen,3.68,child and adult present
6160,258239,0,toy,3.68,child and adult present
6690,258239,0,book,3.68,alone
6690,258239,0,food,3.68,alone
6690,258239,0,kitchenware,3.68,alone
6690,258239,0,other_object,3.68,alone
6690,258239,0,screen,3.68,alone
6690,258239,0,toy,3.68,alone
8130,258239,0,book,3.68,adult present
8130,258239,0,food,3.68,adult present
8130,258239,0,kitchenware,3.68,adult present
8130,258239,0,other_object,3.68,adult present
8130,258239,0,screen,3.68,adult present
8130,258239,0,toy,3.68,adult present
8320,258239,0,book,3.68,adult present
8320,258239,0,food,3.68,adult present
8320,258239,0,kitchenware,3.68,adult present
8320,258239,0,other_object,3.68,adult present
8320,258239,0,screen,3.68,adult present
8320,258239,0,toy,3.68,adult present
9090,258239,0,book,3.68,alone
9090,258239,0,food,3.68,alone
9090,258239,0,kitchenware,3.68,alone
9090,258239,0,other_object,3.68,alone
9090,258239,0,screen,3.68,alone
9090,258239,0,toy,3.68,alone
9150,258239,0,book,3.68,alone
9150,258239,0,food,3.68,alone
9150,258239,0,kitchenware,3.68,alone
9150,258239,0,other_object,3.68,alone
9150,258239,0,screen,3.68,alone
9150,258239,0,toy,3.68,alone
9600,258239,1,book,3.68,alone
9600,258239,0,food,3.68,alone
9600,258239,0,kitchenware,3.68,alone
9600,258239,0,other_object,3.68,alone
9600,258239,0,screen,3.68,alone
9600,258239,0,toy,3.68,alone
9790,258239,0,book,3.68,alone
9790,258239,0,food,3.68,alone
9790,258239,0,kitchenware,3.68,alone
9790,258239,0,other_object,3.68,alone
9790,258239,0,screen,3.68,alone
9790,258239,0,toy,3.68,alone
9880,258239,0,book,3.68,alone
9880,258239,0,food,3.68,alone
9880,258239,0,kitchenware,3.68,alone
9880,258239,0,other_object,3.68,alone
9880,258239,0,screen,3.68,alone
9880,258239,0,toy,3.68,alone
10970,258239,1,book,3.68,alone
10970,258239,0,food,3.68,alone
10970,258239,0,kitchenware,3.68,alone
10970,258239,0,other_object,3.68,alone
10970,258239,0,screen,3.68,alone
10970,258239,0,toy,3.68,alone
11950,258239,0,book,3.68,child and adult present
11950,258239,0,food,3.68,child and adult present
11950,258239,0,kitchenware,3.68,child and adult present
11950,258239,0,other_object,3.68,child and adult present
11950,258239,0,screen,3.68,child and adult present
11950,258239,0,toy,3.68,child and adult present
12070,258239,0,book,3.68,adult present
12070,258239,0,food,3.68,adult present
12070,258239,0,kitchenware,3.68,adult present
12070,258239,0,other_object,3.68,adult present
12070,258239,0,screen,3.68,adult present
12070,258239,0,toy,3.68,adult present
12460,258239,0,book,3.68,child and adult present
12460,258239,0,food,3.68,child and adult present
12460,258239,0,kitchenware,3.68,child and adult present
12460,258239,0,other_object,3.68,child and adult present
12460,258239,0,screen,3.68,child and adult present
12460,258239,0,toy,3.68,child and adult present
12490,258239,0,book,3.68,adult present
12490,258239,0,food,3.68,adult present
12490,258239,0,kitchenware,3.68,adult present
12490,258239,0,other_object,3.68,adult present
12490,258239,0,screen,3.68,adult present
12490,258239,0,toy,3.68,adult present
12600,258239,0,book,3.68,child and adult present
12600,258239,0,food,3.68,child and adult present
12600,258239,0,kitchenware,3.68,child and adult present
12600,258239,0,other_object,3.68,child and adult present
12600,258239,0,screen,3.68,child and adult present
12600,258239,0,toy,3.68,child and adult present
12870,258239,0,book,3.68,child and adult present
12870,258239,0,food,3.68,child and adult present
12870,258239,0,kitchenware,3.68,child and adult present
12870,258239,0,other_object,3.68,child and adult present
12870,258239,0,screen,3.68,child and adult present
12870,258239,0,toy,3.68,child and adult present
13240,258239,0,book,3.68,adult present
13240,258239,0,food,3.68,adult present
13240,258239,0,kitchenware,3.68,adult present
13240,258239,0,other_object,3.68,adult present
13240,258239,0,screen,3.68,adult present
13240,258239,0,toy,3.68,adult present
13450,258239,0,book,3.68,adult present
13450,258239,0,food,3.68,adult present
13450,258239,0,kitchenware,3.68,adult present
13450,258239,0,other_object,3.68,adult present
13450,258239,0,screen,3.68,adult present
13450,258239,0,toy,3.68,adult present
14110,258239,0,book,3.68,adult present
14110,258239,0,food,3.68,adult present
14110,258239,0,kitchenware,3.68,adult present
14110,258239,0,other_object,3.68,adult present
14110,258239,0,screen,3.68,adult present
14110,258239,0,toy,3.68,adult present
14550,258239,0,book,3.68,adult present
14550,258239,0,food,3.68,adult present
14550,258239,0,kitchenware,3.68,adult present
14550,258239,0,other_object,3.68,adult present
14550,258239,0,screen,3.68,adult present
14550,258239,0,toy,3.68,adult present
14750,258239,0,book,3.68,adult present
14750,258239,0,food,3.68,adult present
14750,258239,0,kitchenware,3.68,adult present
14750,258239,0,other_object,3.68,adult present
14750,258239,0,screen,3.68,adult present
14750,258239,0,toy,3.68,adult present
15050,258239,0,book,3.68,alone
15050,258239,0,food,3.68,alone
15050,258239,0,kitchenware,3.68,alone
15050,258239,0,other_object,3.68,alone
15050,258239,0,screen,3.68,alone
15050,258239,0,toy,3.68,alone
15130,258239,0,book,3.68,alone
15130,258239,0,food,3.68,alone
15130,258239,0,kitchenware,3.68,alone
15130,258239,0,other_object,3.68,alone
15130,258239,0,screen,3.68,alone
15130,258239,0,toy,3.68,alone
16180,258239,0,book,3.68,adult present
16180,258239,0,food,3.68,adult present
16180,258239,0,kitchenware,3.68,adult present
16180,258239,0,other_object,3.68,adult present
16180,258239,0,screen,3.68,adult present
16180,258239,0,toy,3.68,adult present
17110,258239,0,book,3.68,child present
17110,258239,0,food,3.68,child present
17110,258239,0,kitchenware,3.68,child present
17110,258239,0,other_object,3.68,child present
17110,258239,0,screen,3.68,child present
17110,258239,0,toy,3.68,child present
17130,258239,0,book,3.68,adult present
17130,258239,0,food,3.68,adult present
17130,258239,0,kitchenware,3.68,adult present
17130,258239,0,other_object,3.68,adult present
17130,258239,0,screen,3.68,adult present
17130,258239,0,toy,3.68,adult present
17700,258239,0,book,3.68,adult present
17700,258239,0,food,3.68,adult present
17700,258239,0,kitchenware,3.68,adult present
17700,258239,0,other_object,3.68,adult present
17700,258239,0,screen,3.68,adult present
17700,258239,0,toy,3.68,adult present
17740,258239,0,book,3.68,adult present
17740,258239,0,food,3.68,adult present
17740,258239,0,kitchenware,3.68,adult present
17740,258239,0,other_object,3.68,adult present
17740,258239,0,screen,3.68,adult present
17740,258239,0,toy,3.68,adult present
17880,258239,0,book,3.68,alone
17880,258239,0,food,3.68,alone
17880,258239,0,kitchenware,3.68,alone
17880,258239,0,other_object,3.68,alone
17880,258239,0,screen,3.68,alone
17880,258239,0,toy,3.68,alone
18260,258239,0,book,3.68,alone
18260,258239,0,food,3.68,alone
18260,258239,1,kitchenware,3.68,alone
18260,258239,0,other_object,3.68,alone
18260,258239,0,screen,3.68,alone
18260,258239,0,toy,3.68,alone
18270,258239,0,book,3.68,alone
18270,258239,0,food,3.68,alone
18270,258239,1,kitchenware,3.68,alone
18270,258239,0,other_object,3.68,alone
18270,258239,0,screen,3.68,alone
18270,258239,0,toy,3.68,alone
18850,258239,0,book,3.68,alone
18850,258239,0,food,3.68,alone
18850,258239,0,kitchenware,3.68,alone
18850,258239,0,other_object,3.68,alone
18850,258239,0,screen,3.68,alone
18850,258239,0,toy,3.68,alone
19230,258239,0,book,3.68,adult present
19230,258239,0,food,3.68,adult present
19230,258239,0,kitchenware,3.68,adult present
19230,258239,0,other_object,3.68,adult present
19230,258239,0,screen,3.68,adult present
19230,258239,0,toy,3.68,adult present
19890,258239,0,book,3.68,adult present
19890,258239,0,food,3.68,adult present
19890,258239,0,kitchenware,3.68,adult present
19890,258239,0,other_object,3.68,adult present
19890,258239,0,screen,3.68,adult present
19890,258239,0,toy,3.68,adult present
20020,258239,0,book,3.68,child and adult present
20020,258239,0,food,3.68,child and adult present
20020,258239,0,kitchenware,3.68,child and adult present
20020,258239,0,other_object,3.68,child and adult present
20020,258239,0,screen,3.68,child and adult present
20020,258239,0,toy,3.68,child and adult present
20600,258239,0,book,3.68,adult present
20600,258239,0,food,3.68,adult present
20600,258239,0,kitchenware,3.68,adult present
20600,258239,1,other_object,3.68,adult present
20600,258239,0,screen,3.68,adult present
20600,258239,1,toy,3.68,adult present
20650,258239,0,book,3.68,adult present
20650,258239,0,food,3.68,adult present
20650,258239,0,kitchenware,3.68,adult present
20650,258239,0,other_object,3.68,adult present
20650,258239,0,screen,3.68,adult present
20650,258239,0,toy,3.68,adult present
20960,258239,0,book,3.68,child and adult present
20960,258239,0,food,3.68,child and adult present
20960,258239,0,kitchenware,3.68,child and adult present
20960,258239,0,other_object,3.68,child and adult present
20960,258239,0,screen,3.68,child and adult present
20960,258239,0,toy,3.68,child and adult present
21100,258239,0,book,3.68,adult present
21100,258239,0,food,3.68,adult present
21100,258239,0,kitchenware,3.68,adult present
21100,258239,0,other_object,3.68,adult present
21100,258239,0,screen,3.68,adult present
21100,258239,0,toy,3.68,adult present
21270,258239,0,book,3.68,adult present
21270,258239,0,food,3.68,adult present
21270,258239,0,kitchenware,3.68,adult present
21270,258239,0,other_object,3.68,adult present
21270,258239,0,screen,3.68,adult present
21270,258239,0,toy,3.68,adult present
21380,258239,0,book,3.68,adult present
21380,258239,0,food,3.68,adult present
21380,258239,0,kitchenware,3.68,adult present
21380,258239,0,other_object,3.68,adult present
21380,258239,0,screen,3.68,adult present
21380,258239,0,toy,3.68,adult present
22530,258239,0,book,3.68,child and adult present
22530,258239,0,food,3.68,child and adult present
22530,258239,0,kitchenware,3.68,child and adult present
22530,258239,0,other_object,3.68,child and adult present
22530,258239,0,screen,3.68,child and adult present
22530,258239,0,toy,3.68,child and adult present
22770,258239,0,book,3.68,alone
22770,258239,0,food,3.68,alone
22770,258239,0,kitchenware,3.68,alone
22770,258239,1,other_object,3.68,alone
22770,258239,0,screen,3.68,alone
22770,258239,1,toy,3.68,alone
23630,258239,0,book,3.68,adult present
23630,258239,0,food,3.68,adult present
23630,258239,0,kitchenware,3.68,adult present
23630,258239,0,other_object,3.68,adult present
23630,258239,0,screen,3.68,adult present
23630,258239,0,toy,3.68,adult present
24550,258239,0,book,3.68,adult present
24550,258239,0,food,3.68,adult present
24550,258239,0,kitchenware,3.68,adult present
24550,258239,0,other_object,3.68,adult present
24550,258239,0,screen,3.68,adult present
24550,258239,0,toy,3.68,adult present
24580,258239,0,book,3.68,adult present
24580,258239,0,food,3.68,adult present
24580,258239,0,kitchenware,3.68,adult present
24580,258239,1,other_object,3.68,adult present
24580,258239,0,screen,3.68,adult present
24580,258239,0,toy,3.68,adult present
24740,258239,0,book,3.68,adult present
24740,258239,0,food,3.68,adult present
24740,258239,0,kitchenware,3.68,adult present
24740,258239,0,other_object,3.68,adult present
24740,258239,0,screen,3.68,adult present
24740,258239,0,toy,3.68,adult present
25060,258239,0,book,3.68,adult present
25060,258239,0,food,3.68,adult present
25060,258239,0,kitchenware,3.68,adult present
25060,258239,0,other_object,3.68,adult present
25060,258239,0,screen,3.68,adult present
25060,258239,0,toy,3.68,adult present
25100,258239,0,book,3.68,child and adult present
25100,258239,0,food,3.68,child and adult present
25100,258239,0,kitchenware,3.68,child and adult present
25100,258239,0,other_object,3.68,child and adult present
25100,258239,0,screen,3.68,child and adult present
25100,258239,0,toy,3.68,child and adult present
25190,258239,0,book,3.68,child and adult present
25190,258239,0,food,3.68,child and adult present
25190,258239,0,kitchenware,3.68,child and adult present
25190,258239,0,other_object,3.68,child and adult present
25190,258239,0,screen,3.68,child and adult present
25190,258239,0,toy,3.68,child and adult present
25470,258239,0,book,3.68,adult present
25470,258239,0,food,3.68,adult present
25470,258239,0,kitchenware,3.68,adult present
25470,258239,0,other_object,3.68,adult present
25470,258239,0,screen,3.68,adult present
25470,258239,0,toy,3.68,adult present
25510,258239,0,book,3.68,child present
25510,258239,0,food,3.68,child present
25510,258239,0,kitchenware,3.68,child present
25510,258239,0,other_object,3.68,child present
25510,258239,0,screen,3.68,child present
25510,258239,0,toy,3.68,child present
25700,258239,0,book,3.68,adult present
25700,258239,0,food,3.68,adult present
25700,258239,0,kitchenware,3.68,adult present
25700,258239,0,other_object,3.68,adult present
25700,258239,0,screen,3.68,adult present
25700,258239,1,toy,3.68,adult present
26060,258239,0,book,3.68,child and adult present
26060,258239,0,food,3.68,child and adult present
26060,258239,0,kitchenware,3.68,child and adult present
26060,258239,0,other_object,3.68,child and adult present
26060,258239,0,screen,3.68,child and adult present
26060,258239,0,toy,3.68,child and adult present
26460,258239,0,book,3.68,adult present
26460,258239,0,food,3.68,adult present
26460,258239,0,kitchenware,3.68,adult present
26460,258239,0,other_object,3.68,adult present
26460,258239,0,screen,3.68,adult present
26460,258239,0,toy,3.68,adult present
27990,258239,0,book,3.68,child present
27990,258239,0,food,3.68,child present
27990,258239,0,kitchenware,3.68,child present
27990,258239,0,other_object,3.68,child present
27990,258239,0,screen,3.68,child present
27990,258239,0,toy,3.68,child present
28260,258239,0,book,3.68,alone
28260,258239,0,food,3.68,alone
28260,258239,0,kitchenware,3.68,alone
28260,258239,0,other_object,3.68,alone
28260,258239,0,screen,3.68,alone
28260,258239,0,toy,3.68,alone
29030,258239,0,book,3.68,alone
29030,258239,0,food,3.68,alone
29030,258239,0,kitchenware,3.68,alone
29030,258239,0,other_object,3.68,alone
29030,258239,0,screen,3.68,alone
29030,258239,0,toy,3.68,alone
29400,258239,0,book,3.68,adult present
29400,258239,0,food,3.68,adult present
29400,258239,0,kitchenware,3.68,adult present
29400,258239,1,other_object,3.68,adult present
29400,258239,0,screen,3.68,adult present
29400,258239,0,toy,3.68,adult present
29670,258239,0,book,3.68,alone
29670,258239,0,food,3.68,alone
29670,258239,0,kitchenware,3.68,alone
29670,258239,1,other_object,3.68,alone
29670,258239,0,screen,3.68,alone
29670,258239,1,toy,3.68,alone
29690,258239,0,book,3.68,alone
29690,258239,0,food,3.68,alone
29690,258239,0,kitchenware,3.68,alone
29690,258239,0,other_object,3.68,alone
29690,258239,0,screen,3.68,alone
29690,258239,1,toy,3.68,alone
30250,258239,0,book,3.68,alone
30250,258239,0,food,3.68,alone
30250,258239,0,kitchenware,3.68,alone
30250,258239,1,other_object,3.68,alone
30250,258239,0,screen,3.68,alone
30250,258239,0,toy,3.68,alone
30560,258239,0,book,3.68,child and adult present
30560,258239,0,food,3.68,child and adult present
30560,258239,0,kitchenware,3.68,child and adult present
30560,258239,0,other_object,3.68,child and adult present
30560,258239,0,screen,3.68,child and adult present
30560,258239,1,toy,3.68,child and adult present
30770,258239,0,book,3.68,adult present
30770,258239,0,food,3.68,adult present
30770,258239,0,kitchenware,3.68,adult present
30770,258239,1,other_object,3.68,adult present
30770,258239,0,screen,3.68,adult present
30770,258239,0,toy,3.68,adult present
32440,258239,0,book,3.68,child present
32440,258239,0,food,3.68,child present
32440,258239,0,kitchenware,3.68,child present
32440,258239,0,other_object,3.68,child present
32440,258239,0,screen,3.68,child present
32440,258239,0,toy,3.68,child present
32470,258239,0,book,3.68,adult present
32470,258239,0,food,3.68,adult present
32470,258239,0,kitchenware,3.68,adult present
32470,258239,0,other_object,3.68,adult present
32470,258239,0,screen,3.68,adult present
32470,258239,0,toy,3.68,adult present
33000,258239,0,book,3.68,alone
33000,258239,0,food,3.68,alone
33000,258239,0,kitchenware,3.68,alone
33000,258239,0,other_object,3.68,alone
33000,258239,0,screen,3.68,alone
33000,258239,0,toy,3.68,alone
33020,258239,0,book,3.68,alone
33020,258239,0,food,3.68,alone
33020,258239,0,kitchenware,3.68,alone
33020,258239,0,other_object,3.68,alone
33020,258239,0,screen,3.68,alone
33020,258239,0,toy,3.68,alone
33930,258239,0,book,3.68,child present
33930,258239,0,food,3.68,child present
33930,258239,0,kitchenware,3.68,child present
33930,258239,0,other_object,3.68,child present
33930,258239,0,screen,3.68,child present
33930,258239,0,toy,3.68,child present
36530,258239,0,book,3.68,alone
36530,258239,0,food,3.68,alone
36530,258239,0,kitchenware,3.68,alone
36530,258239,0,other_object,3.68,alone
36530,258239,0,screen,3.68,alone
36530,258239,0,toy,3.68,alone
37610,258239,0,book,3.68,adult present
37610,258239,0,food,3.68,adult present
37610,258239,0,kitchenware,3.68,adult present
37610,258239,0,other_object,3.68,adult present
37610,258239,0,screen,3.68,adult present
37610,258239,0,toy,3.68,adult present
37820,258239,0,book,3.68,adult present
37820,258239,0,food,3.68,adult present
37820,258239,0,kitchenware,3.68,adult present
37820,258239,0,other_object,3.68,adult present
37820,258239,0,screen,3.68,adult present
37820,258239,0,toy,3.68,adult present
38010,258239,0,book,3.68,adult present
38010,258239,0,food,3.68,adult present
38010,258239,0,kitchenware,3.68,adult present
38010,258239,0,other_object,3.68,adult present
38010,258239,0,screen,3.68,adult present
38010,258239,0,toy,3.68,adult present
40310,258239,0,book,3.68,alone
40310,258239,0,food,3.68,alone
40310,258239,0,kitchenware,3.68,alone
40310,258239,0,other_object,3.68,alone
40310,258239,0,screen,3.68,alone
40310,258239,0,toy,3.68,alone
40540,258239,0,book,3.68,alone
40540,258239,0,food,3.68,alone
40540,258239,0,kitchenware,3.68,alone
40540,258239,0,other_object,3.68,alone
40540,258239,0,screen,3.68,alone
40540,258239,0,toy,3.68,alone
40600,258239,0,book,3.68,child present
40600,258239,0,food,3.68,child present
40600,258239,0,kitchenware,3.68,child present
40600,258239,0,other_object,3.68,child present
40600,258239,0,screen,3.68,child present
40600,258239,0,toy,3.68,child present
40810,258239,0,book,3.68,child and adult present
40810,258239,0,food,3.68,child and adult present
40810,258239,0,kitchenware,3.68,child and adult present
40810,258239,1,other_object,3.68,child and adult present
40810,258239,0,screen,3.68,child and adult present
40810,258239,0,toy,3.68,child and adult present
41310,258239,0,book,3.68,child present
41310,258239,0,food,3.68,child present
41310,258239,0,kitchenware,3.68,child present
41310,258239,0,other_object,3.68,child present
41310,258239,0,screen,3.68,child present
41310,258239,0,toy,3.68,child present
42840,258239,0,book,3.68,alone
42840,258239,0,food,3.68,alone
42840,258239,0,kitchenware,3.68,alone
42840,258239,0,other_object,3.68,alone
42840,258239,0,screen,3.68,alone
42840,258239,1,toy,3.68,alone
42990,258239,0,book,3.68,alone
42990,258239,0,food,3.68,alone
42990,258239,0,kitchenware,3.68,alone
42990,258239,0,other_object,3.68,alone
42990,258239,0,screen,3.68,alone
42990,258239,1,toy,3.68,alone
43010,258239,0,book,3.68,adult present
43010,258239,0,food,3.68,adult present
43010,258239,0,kitchenware,3.68,adult present
43010,258239,0,other_object,3.68,adult present
43010,258239,0,screen,3.68,adult present
43010,258239,0,toy,3.68,adult present
43500,258239,1,book,3.68,alone
43500,258239,0,food,3.68,alone
43500,258239,0,kitchenware,3.68,alone
43500,258239,1,other_object,3.68,alone
43500,258239,0,screen,3.68,alone
43500,258239,0,toy,3.68,alone
43510,258239,0,book,3.68,alone
43510,258239,0,food,3.68,alone
43510,258239,0,kitchenware,3.68,alone
43510,258239,1,other_object,3.68,alone
43510,258239,0,screen,3.68,alone
43510,258239,0,toy,3.68,alone
43710,258239,0,book,3.68,alone
43710,258239,0,food,3.68,alone
43710,258239,0,kitchenware,3.68,alone
43710,258239,0,other_object,3.68,alone
43710,258239,0,screen,3.68,alone
43710,258239,0,toy,3.68,alone
44160,258239,0,book,3.68,alone
44160,258239,0,food,3.68,alone
44160,258239,0,kitchenware,3.68,alone
44160,258239,0,other_object,3.68,alone
44160,258239,0,screen,3.68,alone
44160,258239,0,toy,3.68,alone
44190,258239,0,book,3.68,alone
44190,258239,0,food,3.68,alone
44190,258239,0,kitchenware,3.68,alone
44190,258239,0,other_object,3.68,alone
44190,258239,0,screen,3.68,alone
44190,258239,0,toy,3.68,alone
44270,258239,0,book,3.68,alone
44270,258239,0,food,3.68,alone
44270,258239,0,kitchenware,3.68,alone
44270,258239,0,other_object,3.68,alone
44270,258239,0,screen,3.68,alone
44270,258239,0,toy,3.68,alone
44540,258239,1,book,3.68,child present
44540,258239,0,food,3.68,child present
44540,258239,0,kitchenware,3.68,child present
44540,258239,0,other_object,3.68,child present
44540,258239,0,screen,3.68,child present
44540,258239,1,toy,3.68,child present
46720,258239,0,book,3.68,child present
46720,258239,0,food,3.68,child present
46720,258239,0,kitchenware,3.68,child present
46720,258239,0,other_object,3.68,child present
46720,258239,0,screen,3.68,child present
46720,258239,0,toy,3.68,child present
47360,258239,0,book,3.68,alone
47360,258239,0,food,3.68,alone
47360,258239,0,kitchenware,3.68,alone
47360,258239,0,other_object,3.68,alone
47360,258239,0,screen,3.68,alone
47360,258239,0,toy,3.68,alone
47400,258239,0,book,3.68,alone
47400,258239,0,food,3.68,alone
47400,258239,0,kitchenware,3.68,alone
47400,258239,0,other_object,3.68,alone
47400,258239,0,screen,3.68,alone
47400,258239,0,toy,3.68,alone
48280,258239,0,book,3.68,alone
48280,258239,0,food,3.68,alone
48280,258239,0,kitchenware,3.68,alone
48280,258239,0,other_object,3.68,alone
48280,258239,0,screen,3.68,alone
48280,258239,0,toy,3.68,alone
49270,258239,0,book,3.68,alone
49270,258239,0,food,3.68,alone
49270,258239,0,kitchenware,3.68,alone
49270,258239,1,other_object,3.68,alone
49270,258239,0,screen,3.68,alone
49270,258239,0,toy,3.68,alone
49530,258239,0,book,3.68,alone
49530,258239,0,food,3.68,alone
49530,258239,0,kitchenware,3.68,alone
49530,258239,0,other_object,3.68,alone
49530,258239,0,screen,3.68,alone
49530,258239,0,toy,3.68,alone
49540,258239,0,book,3.68,alone
49540,258239,0,food,3.68,alone
49540,258239,0,kitchenware,3.68,alone
49540,258239,0,other_object,3.68,alone
49540,258239,0,screen,3.68,alone
49540,258239,0,toy,3.68,alone
50380,258239,0,book,3.68,alone
50380,258239,0,food,3.68,alone
50380,258239,0,kitchenware,3.68,alone
50380,258239,0,other_object,3.68,alone
50380,258239,0,screen,3.68,alone
50380,258239,1,toy,3.68,alone
50650,258239,0,book,3.68,alone
50650,258239,0,food,3.68,alone
50650,258239,0,kitchenware,3.68,alone
50650,258239,0,other_object,3.68,alone
50650,258239,0,screen,3.68,alone
50650,258239,0,toy,3.68,alone
51120,258239,0,book,3.68,child and adult present
51120,258239,0,food,3.68,child and adult present
51120,258239,0,kitchenware,3.68,child and adult present
51120,258239,0,other_object,3.68,child and adult present
51120,258239,0,screen,3.68,child and adult present
51120,258239,0,toy,3.68,child and adult present
51490,258239,0,book,3.68,adult present
51490,258239,0,food,3.68,adult present
51490,258239,0,kitchenware,3.68,adult present
51490,258239,0,other_object,3.68,adult present
51490,258239,0,screen,3.68,adult present
51490,258239,0,toy,3.68,adult present
51530,258239,0,book,3.68,child and adult present
51530,258239,0,food,3.68,child and adult present
51530,258239,0,kitchenware,3.68,child and adult present
51530,258239,0,other_object,3.68,child and adult present
51530,258239,0,screen,3.68,child and adult present
51530,258239,0,toy,3.68,child and adult present
51890,258239,0,book,3.68,adult present
51890,258239,0,food,3.68,adult present
51890,258239,0,kitchenware,3.68,adult present
51890,258239,1,other_object,3.68,adult present
51890,258239,0,screen,3.68,adult present
51890,258239,1,toy,3.68,adult present
1440,258309,0,book,5.81,adult present
1440,258309,0,food,5.81,adult present
1440,258309,0,kitchenware,5.81,adult present
1440,258309,0,other_object,5.81,adult present
1440,258309,0,screen,5.81,adult present
1440,258309,0,toy,5.81,adult present
1550,258309,0,book,5.81,adult present
1550,258309,0,food,5.81,adult present
1550,258309,0,kitchenware,5.81,adult present
1550,258309,0,other_object,5.81,adult present
1550,258309,0,screen,5.81,adult present
1550,258309,0,toy,5.81,adult present
2670,258309,0,book,5.81,adult present
2670,258309,0,food,5.81,adult present
2670,258309,0,kitchenware,5.81,adult present
2670,258309,0,other_object,5.81,adult present
2670,258309,0,screen,5.81,adult present
2670,258309,0,toy,5.81,adult present
2840,258309,0,book,5.81,adult present
2840,258309,0,food,5.81,adult present
2840,258309,0,kitchenware,5.81,adult present
2840,258309,0,other_object,5.81,adult present
2840,258309,0,screen,5.81,adult present
2840,258309,0,toy,5.81,adult present
2970,258309,0,book,5.81,adult present
2970,258309,0,food,5.81,adult present
2970,258309,0,kitchenware,5.81,adult present
2970,258309,0,other_object,5.81,adult present
2970,258309,0,screen,5.81,adult present
2970,258309,0,toy,5.81,adult present
3150,258309,0,book,5.81,alone
3150,258309,0,food,5.81,alone
3150,258309,0,kitchenware,5.81,alone
3150,258309,0,other_object,5.81,alone
3150,258309,0,screen,5.81,alone
3150,258309,0,toy,5.81,alone
3290,258309,0,book,5.81,alone
3290,258309,0,food,5.81,alone
3290,258309,0,kitchenware,5.81,alone
3290,258309,0,other_object,5.81,alone
3290,258309,0,screen,5.81,alone
3290,258309,0,toy,5.81,alone
4080,258309,0,book,5.81,alone
4080,258309,0,food,5.81,alone
4080,258309,0,kitchenware,5.81,alone
4080,258309,1,other_object,5.81,alone
4080,258309,0,screen,5.81,alone
4080,258309,0,toy,5.81,alone
4730,258309,0,book,5.81,alone
4730,258309,0,food,5.81,alone
4730,258309,0,kitchenware,5.81,alone
4730,258309,0,other_object,5.81,alone
4730,258309,0,screen,5.81,alone
4730,258309,0,toy,5.81,alone
5670,258309,0,book,5.81,alone
5670,258309,0,food,5.81,alone
5670,258309,0,kitchenware,5.81,alone
5670,258309,0,other_object,5.81,alone
5670,258309,0,screen,5.81,alone
5670,258309,0,toy,5.81,alone
5730,258309,0,book,5.81,alone
5730,258309,0,food,5.81,alone
5730,258309,0,kitchenware,5.81,alone
5730,258309,0,other_object,5.81,alone
5730,258309,0,screen,5.81,alone
5730,258309,0,toy,5.81,alone
5870,258309,0,book,5.81,alone
5870,258309,0,food,5.81,alone
5870,258309,0,kitchenware,5.81,alone
5870,258309,0,other_object,5.81,alone
5870,258309,0,screen,5.81,alone
5870,258309,0,toy,5.81,alone
6580,258309,0,book,5.81,adult present
6580,258309,0,food,5.81,adult present
6580,258309,0,kitchenware,5.81,adult present
6580,258309,0,other_object,5.81,adult present
6580,258309,1,screen,5.81,adult present
6580,258309,0,toy,5.81,adult present
6640,258309,0,book,5.81,adult present
6640,258309,0,food,5.81,adult present
6640,258309,0,kitchenware,5.81,adult present
6640,258309,0,other_object,5.81,adult present
6640,258309,0,screen,5.81,adult present
6640,258309,0,toy,5.81,adult present
6700,258309,0,book,5.81,adult present
6700,258309,0,food,5.81,adult present
6700,258309,0,kitchenware,5.81,adult present
6700,258309,0,other_object,5.81,adult present
6700,258309,0,screen,5.81,adult present
6700,258309,0,toy,5.81,adult present
8560,258309,0,book,5.81,adult present
8560,258309,0,food,5.81,adult present
8560,258309,0,kitchenware,5.81,adult present
8560,258309,0,other_object,5.81,adult present
8560,258309,0,screen,5.81,adult present
8560,258309,0,toy,5.81,adult present
8850,258309,0,book,5.81,child present
8850,258309,0,food,5.81,child present
8850,258309,0,kitchenware,5.81,child present
8850,258309,0,other_object,5.81,child present
8850,258309,0,screen,5.81,child present
8850,258309,0,toy,5.81,child present
9030,258309,0,book,5.81,child present
9030,258309,0,food,5.81,child present
9030,258309,0,kitchenware,5.81,child present
9030,258309,0,other_object,5.81,child present
9030,258309,0,screen,5.81,child present
9030,258309,0,toy,5.81,child present
9090,258309,0,book,5.81,alone
9090,258309,0,food,5.81,alone
9090,258309,0,kitchenware,5.81,alone
9090,258309,0,other_object,5.81,alone
9090,258309,0,screen,5.81,alone
9090,258309,1,toy,5.81,alone
9550,258309,0,book,5.81,alone
9550,258309,0,food,5.81,alone
9550,258309,0,kitchenware,5.81,alone
9550,258309,1,other_object,5.81,alone
9550,258309,0,screen,5.81,alone
9550,258309,0,toy,5.81,alone
10390,258309,0,book,5.81,child and adult present
10390,258309,0,food,5.81,child and adult present
10390,258309,0,kitchenware,5.81,child and adult present
10390,258309,0,other_object,5.81,child and adult present
10390,258309,0,screen,5.81,child and adult present
10390,258309,1,toy,5.81,child and adult present
10600,258309,0,book,5.81,child present
10600,258309,0,food,5.81,child present
10600,258309,0,kitchenware,5.81,child present
10600,258309,0,other_object,5.81,child present
10600,258309,0,screen,5.81,child present
10600,258309,0,toy,5.81,child present
11500,258309,0,book,5.81,alone
11500,258309,0,food,5.81,alone
11500,258309,0,kitchenware,5.81,alone
11500,258309,0,other_object,5.81,alone
11500,258309,0,screen,5.81,alone
11500,258309,0,toy,5.81,alone
11540,258309,0,book,5.81,alone
11540,258309,0,food,5.81,alone
11540,258309,0,kitchenware,5.81,alone
11540,258309,1,other_object,5.81,alone
11540,258309,0,screen,5.81,alone
11540,258309,0,toy,5.81,alone
12040,258309,0,book,5.81,alone
12040,258309,0,food,5.81,alone
12040,258309,0,kitchenware,5.81,alone
12040,258309,0,other_object,5.81,alone
12040,258309,0,screen,5.81,alone
12040,258309,0,toy,5.81,alone
13540,258309,0,book,5.81,adult present
13540,258309,0,food,5.81,adult present
13540,258309,0,kitchenware,5.81,adult present
13540,258309,0,other_object,5.81,adult present
13540,258309,0,screen,5.81,adult present
13540,258309,0,toy,5.81,adult present
14070,258309,0,book,5.81,alone
14070,258309,0,food,5.81,alone
14070,258309,0,kitchenware,5.81,alone
14070,258309,0,other_object,5.81,alone
14070,258309,0,screen,5.81,alone
14070,258309,0,toy,5.81,alone
14210,258309,0,book,5.81,alone
14210,258309,0,food,5.81,alone
14210,258309,0,kitchenware,5.81,alone
14210,258309,0,other_object,5.81,alone
14210,258309,0,screen,5.81,alone
14210,258309,0,toy,5.81,alone
14390,258309,0,book,5.81,alone
14390,258309,0,food,5.81,alone
14390,258309,0,kitchenware,5.81,alone
14390,258309,1,other_object,5.81,alone
14390,258309,0,screen,5.81,alone
14390,258309,0,toy,5.81,alone
14700,258309,0,book,5.81,adult present
14700,258309,0,food,5.81,adult present
14700,258309,0,kitchenware,5.81,adult present
14700,258309,0,other_object,5.81,adult present
14700,258309,0,screen,5.81,adult present
14700,258309,0,toy,5.81,adult present
15260,258309,0,book,5.81,alone
15260,258309,0,food,5.81,alone
15260,258309,0,kitchenware,5.81,alone
15260,258309,0,other_object,5.81,alone
15260,258309,0,screen,5.81,alone
15260,258309,0,toy,5.81,alone
15530,258309,0,book,5.81,alone
15530,258309,0,food,5.81,alone
15530,258309,0,kitchenware,5.81,alone
15530,258309,0,other_object,5.81,alone
15530,258309,0,screen,5.81,alone
15530,258309,0,toy,5.81,alone
15610,258309,0,book,5.81,adult present
15610,258309,0,food,5.81,adult present
15610,258309,0,kitchenware,5.81,adult present
15610,258309,0,other_object,5.81,adult present
15610,258309,0,screen,5.81,adult present
15610,258309,0,toy,5.81,adult present
15660,258309,0,book,5.81,alone
15660,258309,0,food,5.81,alone
15660,258309,0,kitchenware,5.81,alone
15660,258309,0,other_object,5.81,alone
15660,258309,0,screen,5.81,alone
15660,258309,0,toy,5.81,alone
15900,258309,0,book,5.81,alone
15900,258309,0,food,5.81,alone
15900,258309,0,kitchenware,5.81,alone
15900,258309,0,other_object,5.81,alone
15900,258309,0,screen,5.81,alone
15900,258309,0,toy,5.81,alone
16580,258309,0,book,5.81,alone
16580,258309,0,food,5.81,alone
16580,258309,0,kitchenware,5.81,alone
16580,258309,0,other_object,5.81,alone
16580,258309,0,screen,5.81,alone
16580,258309,0,toy,5.81,alone
16870,258309,1,book,5.81,alone
16870,258309,0,food,5.81,alone
16870,258309,0,kitchenware,5.81,alone
16870,258309,1,other_object,5.81,alone
16870,258309,0,screen,5.81,alone
16870,258309,0,toy,5.81,alone
18120,258309,0,book,5.81,alone
18120,258309,0,food,5.81,alone
18120,258309,0,kitchenware,5.81,alone
18120,258309,0,other_object,5.81,alone
18120,258309,0,screen,5.81,alone
18120,258309,0,toy,5.81,alone
18690,258309,0,book,5.81,adult present
18690,258309,0,food,5.81,adult present
18690,258309,0,kitchenware,5.81,adult present
18690,258309,0,other_object,5.81,adult present
18690,258309,0,screen,5.81,adult present
18690,258309,0,toy,5.81,adult present
18760,258309,0,book,5.81,alone
18760,258309,0,food,5.81,alone
18760,258309,0,kitchenware,5.81,alone
18760,258309,0,other_object,5.81,alone
18760,258309,0,screen,5.81,alone
18760,258309,0,toy,5.81,alone
19030,258309,0,book,5.81,alone
19030,258309,0,food,5.81,alone
19030,258309,0,kitchenware,5.81,alone
19030,258309,0,other_object,5.81,alone
19030,258309,0,screen,5.81,alone
19030,258309,0,toy,5.81,alone
19220,258309,0,book,5.81,adult present
19220,258309,0,food,5.81,adult present
19220,258309,0,kitchenware,5.81,adult present
19220,258309,0,other_object,5.81,adult present
19220,258309,0,screen,5.81,adult present
19220,258309,0,toy,5.81,adult present
20270,258309,0,book,5.81,alone
20270,258309,0,food,5.81,alone
20270,258309,0,kitchenware,5.81,alone
20270,258309,0,other_object,5.81,alone
20270,258309,0,screen,5.81,alone
20270,258309,0,toy,5.81,alone
20930,258309,0,book,5.81,adult present
20930,258309,0,food,5.81,adult present
20930,258309,0,kitchenware,5.81,adult present
20930,258309,0,other_object,5.81,adult present
20930,258309,0,screen,5.81,adult present
20930,258309,0,toy,5.81,adult present
22470,258309,0,book,5.81,alone
22470,258309,0,food,5.81,alone
22470,258309,0,kitchenware,5.81,alone
22470,258309,1,other_object,5.81,alone
22470,258309,0,screen,5.81,alone
22470,258309,1,toy,5.81,alone
22980,258309,0,book,5.81,alone
22980,258309,0,food,5.81,alone
22980,258309,0,kitchenware,5.81,alone
22980,258309,1,other_object,5.81,alone
22980,258309,0,screen,5.81,alone
22980,258309,0,toy,5.81,alone
23060,258309,0,book,5.81,alone
23060,258309,0,food,5.81,alone
23060,258309,0,kitchenware,5.81,alone
23060,258309,1,other_object,5.81,alone
23060,258309,0,screen,5.81,alone
23060,258309,0,toy,5.81,alone
23480,258309,0,book,5.81,alone
23480,258309,0,food,5.81,alone
23480,258309,0,kitchenware,5.81,alone
23480,258309,0,other_object,5.81,alone
23480,258309,0,screen,5.81,alone
23480,258309,0,toy,5.81,alone
24730,258309,0,book,5.81,alone
24730,258309,0,food,5.81,alone
24730,258309,0,kitchenware,5.81,alone
24730,258309,1,other_object,5.81,alone
24730,258309,0,screen,5.81,alone
24730,258309,0,toy,5.81,alone
24960,258309,0,book,5.81,adult present
24960,258309,0,food,5.81,adult present
24960,258309,0,kitchenware,5.81,adult present
24960,258309,0,other_object,5.81,adult present
24960,258309,0,screen,5.81,adult present
24960,258309,0,toy,5.81,adult present
25630,258309,1,book,5.81,alone
25630,258309,0,food,5.81,alone
25630,258309,0,kitchenware,5.81,alone
25630,258309,0,other_object,5.81,alone
25630,258309,0,screen,5.81,alone
25630,258309,0,toy,5.81,alone
25650,258309,1,book,5.81,alone
25650,258309,0,food,5.81,alone
25650,258309,0,kitchenware,5.81,alone
25650,258309,0,other_object,5.81,alone
25650,258309,0,screen,5.81,alone
25650,258309,0,toy,5.81,alone
25930,258309,0,book,5.81,adult present
25930,258309,0,food,5.81,adult present
25930,258309,0,kitchenware,5.81,adult present
25930,258309,0,other_object,5.81,adult present
25930,258309,0,screen,5.81,adult present
25930,258309,0,toy,5.81,adult present
25960,258309,0,book,5.81,adult present
25960,258309,0,food,5.81,adult present
25960,258309,0,kitchenware,5.81,adult present
25960,258309,1,other_object,5.81,adult present
25960,258309,0,screen,5.81,adult present
25960,258309,0,toy,5.81,adult present
26620,258309,0,book,5.81,alone
26620,258309,0,food,5.81,alone
26620,258309,0,kitchenware,5.81,alone
26620,258309,0,other_object,5.81,alone
26620,258309,0,screen,5.81,alone
26620,258309,0,toy,5.81,alone
27620,258309,0,book,5.81,alone
27620,258309,0,food,5.81,alone
27620,258309,0,kitchenware,5.81,alone
27620,258309,0,other_object,5.81,alone
27620,258309,0,screen,5.81,alone
27620,258309,0,toy,5.81,alone
27670,258309,0,book,5.81,alone
27670,258309,0,food,5.81,alone
27670,258309,0,kitchenware,5.81,alone
27670,258309,1,other_object,5.81,alone
27670,258309,0,screen,5.81,alone
27670,258309,1,toy,5.81,alone
28290,258309,0,book,5.81,alone
28290,258309,0,food,5.81,alone
28290,258309,0,kitchenware,5.81,alone
28290,258309,0,other_object,5.81,alone
28290,258309,0,screen,5.81,alone
28290,258309,1,toy,5.81,alone
29900,258309,0,book,5.81,alone
29900,258309,0,food,5.81,alone
29900,258309,0,kitchenware,5.81,alone
29900,258309,0,other_object,5.81,alone
29900,258309,0,screen,5.81,alone
29900,258309,0,toy,5.81,alone
29970,258309,1,book,5.81,alone
29970,258309,0,food,5.81,alone
29970,258309,0,kitchenware,5.81,alone
29970,258309,0,other_object,5.81,alone
29970,258309,0,screen,5.81,alone
29970,258309,0,toy,5.81,alone
30020,258309,0,book,5.81,alone
30020,258309,0,food,5.81,alone
30020,258309,0,kitchenware,5.81,alone
30020,258309,0,other_object,5.81,alone
30020,258309,0,screen,5.81,alone
30020,258309,0,toy,5.81,alone
30930,258309,0,book,5.81,alone
30930,258309,0,food,5.81,alone
30930,258309,0,kitchenware,5.81,alone
30930,258309,1,other_object,5.81,alone
30930,258309,0,screen,5.81,alone
30930,258309,0,toy,5.81,alone
31810,258309,0,book,5.81,adult present
31810,258309,0,food,5.81,adult present
31810,258309,0,kitchenware,5.81,adult present
31810,258309,0,other_object,5.81,adult present
31810,258309,0,screen,5.81,adult present
31810,258309,0,toy,5.81,adult present
32370,258309,0,book,5.81,adult present
32370,258309,0,food,5.81,adult present
32370,258309,0,kitchenware,5.81,adult present
32370,258309,1,other_object,5.81,adult present
32370,258309,0,screen,5.81,adult present
32370,258309,0,toy,5.81,adult present
33000,258309,0,book,5.81,alone
33000,258309,0,food,5.81,alone
33000,258309,0,kitchenware,5.81,alone
33000,258309,0,other_object,5.81,alone
33000,258309,0,screen,5.81,alone
33000,258309,1,toy,5.81,alone
34010,258309,0,book,5.81,alone
34010,258309,0,food,5.81,alone
34010,258309,0,kitchenware,5.81,alone
34010,258309,0,other_object,5.81,alone
34010,258309,0,screen,5.81,alone
34010,258309,0,toy,5.81,alone
35090,258309,0,book,5.81,alone
35090,258309,0,food,5.81,alone
35090,258309,0,kitchenware,5.81,alone
35090,258309,0,other_object,5.81,alone
35090,258309,0,screen,5.81,alone
35090,258309,0,toy,5.81,alone
35930,258309,0,book,5.81,alone
35930,258309,0,food,5.81,alone
35930,258309,0,kitchenware,5.81,alone
35930,258309,0,other_object,5.81,alone
35930,258309,0,screen,5.81,alone
35930,258309,1,toy,5.81,alone
36670,258309,0,book,5.81,adult present
36670,258309,0,food,5.81,adult present
36670,258309,0,kitchenware,5.81,adult present
36670,258309,0,other_object,5.81,adult present
36670,258309,0,screen,5.81,adult present
36670,258309,0,toy,5.81,adult present
36740,258309,0,book,5.81,adult present
36740,258309,0,food,5.81,adult present
36740,258309,0,kitchenware,5.81,adult present
36740,258309,0,other_object,5.81,adult present
36740,258309,0,screen,5.81,adult present
36740,258309,0,toy,5.81,adult present
36750,258309,0,book,5.81,alone
36750,258309,0,food,5.81,alone
36750,258309,0,kitchenware,5.81,alone
36750,258309,0,other_object,5.81,alone
36750,258309,0,screen,5.81,alone
36750,258309,0,toy,5.81,alone
37330,258309,0,book,5.81,child present
37330,258309,0,food,5.81,child present
37330,258309,0,kitchenware,5.81,child present
37330,258309,0,other_object,5.81,child present
37330,258309,0,screen,5.81,child present
37330,258309,0,toy,5.81,child present
37490,258309,0,book,5.81,child and adult present
37490,258309,0,food,5.81,child and adult present
37490,258309,0,kitchenware,5.81,child and adult present
37490,258309,0,other_object,5.81,child and adult present
37490,258309,0,screen,5.81,child and adult present
37490,258309,0,toy,5.81,child and adult present
37850,258309,0,book,5.81,alone
37850,258309,0,food,5.81,alone
37850,258309,0,kitchenware,5.81,alone
37850,258309,0,other_object,5.81,alone
37850,258309,0,screen,5.81,alone
37850,258309,0,toy,5.81,alone
37890,258309,0,book,5.81,adult present
37890,258309,0,food,5.81,adult present
37890,258309,0,kitchenware,5.81,adult present
37890,258309,0,other_object,5.81,adult present
37890,258309,0,screen,5.81,adult present
37890,258309,0,toy,5.81,adult present
38120,258309,0,book,5.81,adult present
38120,258309,0,food,5.81,adult present
38120,258309,0,kitchenware,5.81,adult present
38120,258309,0,other_object,5.81,adult present
38120,258309,0,screen,5.81,adult present
38120,258309,0,toy,5.81,adult present
38150,258309,0,book,5.81,child and adult present
38150,258309,0,food,5.81,child and adult present
38150,258309,0,kitchenware,5.81,child and adult present
38150,258309,0,other_object,5.81,child and adult present
38150,258309,0,screen,5.81,child and adult present
38150,258309,0,toy,5.81,child and adult present
40230,258309,0,book,5.81,alone
40230,258309,0,food,5.81,alone
40230,258309,0,kitchenware,5.81,alone
40230,258309,0,other_object,5.81,alone
40230,258309,0,screen,5.81,alone
40230,258309,0,toy,5.81,alone
40770,258309,0,book,5.81,alone
40770,258309,0,food,5.81,alone
40770,258309,0,kitchenware,5.81,alone
40770,258309,0,other_object,5.81,alone
40770,258309,0,screen,5.81,alone
40770,258309,1,toy,5.81,alone
40870,258309,0,book,5.81,alone
40870,258309,0,food,5.81,alone
40870,258309,0,kitchenware,5.81,alone
40870,258309,0,other_object,5.81,alone
40870,258309,0,screen,5.81,alone
40870,258309,1,toy,5.81,alone
42160,258309,0,book,5.81,alone
42160,258309,0,food,5.81,alone
42160,258309,0,kitchenware,5.81,alone
42160,258309,0,other_object,5.81,alone
42160,258309,0,screen,5.81,alone
42160,258309,0,toy,5.81,alone
42420,258309,0,book,5.81,alone
42420,258309,0,food,5.81,alone
42420,258309,0,kitchenware,5.81,alone
42420,258309,0,other_object,5.81,alone
42420,258309,0,screen,5.81,alone
42420,258309,0,toy,5.81,alone
42490,258309,0,book,5.81,alone
42490,258309,0,food,5.81,alone
42490,258309,0,kitchenware,5.81,alone
42490,258309,0,other_object,5.81,alone
42490,258309,0,screen,5.81,alone
42490,258309,0,toy,5.81,alone
42790,258309,0,book,5.81,child present
42790,258309,0,food,5.81,child present
42790,258309,0,kitchenware,5.81,child present
42790,258309,0,other_object,5.81,child present
42790,258309,0,screen,5.81,child present
42790,258309,0,toy,5.81,child present
43070,258309,0,book,5.81,child present
43070,258309,0,food,5.81,child present
43070,258309,0,kitchenware,5.81,child present
43070,258309,0,other_object,5.81,child present
43070,258309,0,screen,5.81,child present
43070,258309,0,toy,5.81,child present
44590,258309,0,book,5.81,adult present
44590,258309,0,food,5.81,adult present
44590,258309,0,kitchenware,5.81,adult present
44590,258309,0,other_object,5.81,adult present
44590,258309,0,screen,5.81,adult present
44590,258309,1,toy,5.81,adult present
44870,258309,0,book,5.81,adult present
44870,258309,0,food,5.81,adult present
44870,258309,0,kitchenware,5.81,adult present
44870,258309,0,other_object,5.81,adult present
44870,258309,0,screen,5.81,adult present
44870,258309,0,toy,5.81,adult present
45090,258309,0,book,5.81,adult present
45090,258309,0,food,5.81,adult present
45090,258309,0,kitchenware,5.81,adult present
45090,258309,0,other_object,5.81,adult present
45090,258309,0,screen,5.81,adult present
45090,258309,0,toy,5.81,adult present
46460,258309,0,book,5.81,adult present
46460,258309,0,food,5.81,adult present
46460,258309,0,kitchenware,5.81,adult present
46460,258309,0,other_object,5.81,adult present
46460,258309,0,screen,5.81,adult present
46460,258309,0,toy,5.81,adult present
47270,258309,0,book,5.81,adult present
47270,258309,0,food,5.81,adult present
47270,258309,0,kitchenware,5.81,adult present
47270,258309,0,other_object,5.81,adult present
47270,258309,0,screen,5.81,adult present
47270,258309,0,toy,5.81,adult present
49940,258309,0,book,5.81,child and adult present
49940,258309,0,food,5.81,child and adult present
49940,258309,0,kitchenware,5.81,child and adult present
49940,258309,0,other_object,5.81,child and adult present
49940,258309,0,screen,5.81,child and adult present
49940,258309,0,toy,5.81,child and adult present
50850,258309,0,book,5.81,adult present
50850,258309,0,food,5.81,adult present
50850,258309,0,kitchenware,5.81,adult present
50850,258309,0,other_object,5.81,adult present
50850,258309,0,screen,5.81,adult present
50850,258309,0,toy,5.81,adult present
50970,258309,0,book,5.81,adult present
50970,258309,0,food,5.81,adult present
50970,258309,0,kitchenware,5.81,adult present
50970,258309,0,other_object,5.81,adult present
50970,258309,0,screen,5.81,adult present
50970,258309,0,toy,5.81,adult present
51440,258309,0,book,5.81,adult present
51440,258309,0,food,5.81,adult present
51440,258309,0,kitchenware,5.81,adult present
51440,258309,0,other_object,5.81,adult present
51440,258309,0,screen,5.81,adult present
51440,258309,0,toy,5.81,adult present
52210,258309,0,book,5.81,adult present
52210,258309,0,food,5.81,adult present
52210,258309,0,kitchenware,5.81,adult present
52210,258309,0,other_object,5.81,adult present
52210,258309,0,screen,5.81,adult present
52210,258309,0,toy,5.81,adult present
52630,258309,0,book,5.81,alone
52630,258309,0,food,5.81,alone
52630,258309,0,kitchenware,5.81,alone
52630,258309,0,other_object,5.81,alone
52630,258309,0,screen,5.81,alone
52630,258309,1,toy,5.81,alone
53140,258309,0,book,5.81,alone
53140,258309,0,food,5.81,alone
53140,258309,0,kitchenware,5.81,alone
53140,258309,0,other_object,5.81,alone
53140,258309,0,screen,5.81,alone
53140,258309,1,toy,5.81,alone
53800,258309,0,book,5.81,alone
53800,258309,0,food,5.81,alone
53800,258309,0,kitchenware,5.81,alone
53800,258309,0,other_object,5.81,alone
53800,258309,0,screen,5.81,alone
53800,258309,0,toy,5.81,alone
53840,258309,0,book,5.81,alone
53840,258309,0,food,5.81,alone
53840,258309,0,kitchenware,5.81,alone
53840,258309,0,other_object,5.81,alone
53840,258309,0,screen,5.81,alone
53840,258309,0,toy,5.81,alone
53910,258309,0,book,5.81,alone
53910,258309,0,food,5.81,alone
53910,258309,0,kitchenware,5.81,alone
53910,258309,0,other_object,5.81,alone
53910,258309,0,screen,5.81,alone
53910,258309,0,toy,5.81,alone
600,263284,0,book,3.8,alone
600,263284,0,food,3.8,alone
600,263284,0,kitchenware,3.8,alone
600,263284,0,other_object,3.8,alone
600,263284,0,screen,3.8,alone
600,263284,0,toy,3.8,alone
630,263284,0,book,3.8,alone
630,263284,0,food,3.8,alone
630,263284,0,kitchenware,3.8,alone
630,263284,1,other_object,3.8,alone
630,263284,0,screen,3.8,alone
630,263284,0,toy,3.8,alone
1430,263284,0,book,3.8,alone
1430,263284,0,food,3.8,alone
1430,263284,0,kitchenware,3.8,alone
1430,263284,1,other_object,3.8,alone
1430,263284,0,screen,3.8,alone
1430,263284,0,toy,3.8,alone
2600,263284,0,book,3.8,child present
2600,263284,0,food,3.8,child present
2600,263284,0,kitchenware,3.8,child present
2600,263284,0,other_object,3.8,child present
2600,263284,0,screen,3.8,child present
2600,263284,0,toy,3.8,child present
2780,263284,0,book,3.8,alone
2780,263284,0,food,3.8,alone
2780,263284,0,kitchenware,3.8,alone
2780,263284,0,other_object,3.8,alone
2780,263284,0,screen,3.8,alone
2780,263284,0,toy,3.8,alone
3200,263284,0,book,3.8,adult present
3200,263284,0,food,3.8,adult present
3200,263284,0,kitchenware,3.8,adult present
3200,263284,0,other_object,3.8,adult present
3200,263284,0,screen,3.8,adult present
3200,263284,0,toy,3.8,adult present
3720,263284,0,book,3.8,alone
3720,263284,0,food,3.8,alone
3720,263284,1,kitchenware,3.8,alone
3720,263284,0,other_object,3.8,alone
3720,263284,0,screen,3.8,alone
3720,263284,0,toy,3.8,alone
3820,263284,0,book,3.8,alone
3820,263284,0,food,3.8,alone
3820,263284,0,kitchenware,3.8,alone
3820,263284,1,other_object,3.8,alone
3820,263284,0,screen,3.8,alone
3820,263284,0,toy,3.8,alone
4520,263284,0,book,3.8,alone
4520,263284,0,food,3.8,alone
4520,263284,1,kitchenware,3.8,alone
4520,263284,0,other_object,3.8,alone
4520,263284,0,screen,3.8,alone
4520,263284,0,toy,3.8,alone
4650,263284,0,book,3.8,adult present
4650,263284,0,food,3.8,adult present
4650,263284,1,kitchenware,3.8,adult present
4650,263284,0,other_object,3.8,adult present
4650,263284,0,screen,3.8,adult present
4650,263284,0,toy,3.8,adult present
4930,263284,0,book,3.8,adult present
4930,263284,0,food,3.8,adult present
4930,263284,0,kitchenware,3.8,adult present
4930,263284,0,other_object,3.8,adult present
4930,263284,0,screen,3.8,adult present
4930,263284,0,toy,3.8,adult present
5050,263284,0,book,3.8,adult present
5050,263284,0,food,3.8,adult present
5050,263284,0,kitchenware,3.8,adult present
5050,263284,1,other_object,3.8,adult present
5050,263284,0,screen,3.8,adult present
5050,263284,0,toy,3.8,adult present
5850,263284,0,book,3.8,adult present
5850,263284,0,food,3.8,adult present
5850,263284,0,kitchenware,3.8,adult present
5850,263284,0,other_object,3.8,adult present
5850,263284,0,screen,3.8,adult present
5850,263284,0,toy,3.8,adult present
6150,263284,0,book,3.8,child and adult present
6150,263284,0,food,3.8,child and adult present
6150,263284,0,kitchenware,3.8,child and adult present
6150,263284,0,other_object,3.8,child and adult present
6150,263284,0,screen,3.8,child and adult present
6150,263284,0,toy,3.8,child and adult present
6460,263284,0,book,3.8,adult present
6460,263284,0,food,3.8,adult present
6460,263284,0,kitchenware,3.8,adult present
6460,263284,0,other_object,3.8,adult present
6460,263284,0,screen,3.8,adult present
6460,263284,0,toy,3.8,adult present
6820,263284,0,book,3.8,adult present
6820,263284,0,food,3.8,adult present
6820,263284,0,kitchenware,3.8,adult present
6820,263284,1,other_object,3.8,adult present
6820,263284,0,screen,3.8,adult present
6820,263284,0,toy,3.8,adult present
7670,263284,0,book,3.8,adult present
7670,263284,0,food,3.8,adult present
7670,263284,0,kitchenware,3.8,adult present
7670,263284,0,other_object,3.8,adult present
7670,263284,0,screen,3.8,adult present
7670,263284,0,toy,3.8,adult present
8270,263284,0,book,3.8,adult present
8270,263284,0,food,3.8,adult present
8270,263284,0,kitchenware,3.8,adult present
8270,263284,1,other_object,3.8,adult present
8270,263284,0,screen,3.8,adult present
8270,263284,0,toy,3.8,adult present
9040,263284,0,book,3.8,child and adult present
9040,263284,0,food,3.8,child and adult present
9040,263284,0,kitchenware,3.8,child and adult present
9040,263284,0,other_object,3.8,child and adult present
9040,263284,0,screen,3.8,child and adult present
9040,263284,1,toy,3.8,child and adult present
9640,263284,0,book,3.8,alone
9640,263284,0,food,3.8,alone
9640,263284,0,kitchenware,3.8,alone
9640,263284,0,other_object,3.8,alone
9640,263284,0,screen,3.8,alone
9640,263284,0,toy,3.8,alone
